Workbook

Sheet Summary
A1: Test Execution Summary
A3: Test cases (plan) | B3: =COUNTA('Test Cases'!A5:A29) -> 25
A4: Passed | B4: =COUNTIF('Test Cases'!J5:J29,"Pass") -> 24
A5: Failed | B5: =COUNTIF('Test Cases'!J5:J29,"Fail") -> 0
A6: Not run | B6: =COUNTIF('Test Cases'!J5:J29,"Not Run") -> 1
A7: % executed | B7: =IFERROR((B4+B5)/B3,0) -> 0.96
A8: % passed | B8: =IFERROR(B4/B3,0) -> 0.96
A10: Automated test cases (pytest items) | B10: 97
A11: Passed | B11: 97
A12: Failed | B12: =SUMIF('Automated Tests'!G5:G78,"Fail",'Automated Tests'!E5:E78) -> 0
A13: Unit tests | B13: =SUMIF('Automated Tests'!D5:D78,"Unit",'Automated Tests'!E5:E78) -> 20
A14: Integration tests | B14: 77
A16: Requirements traced | B16: =COUNTA(RTM!A5:A31) -> 27
A17: with status Pass | B17: =COUNTIF(RTM!F5:F31,"Pass") -> 26
A18: with status Not Run | B18: =COUNTIF(RTM!F5:F31,"Not Run") -> 1
A21: Assumptions and sources:
A22: - Automated results: the team's pytest run on main reported 97 passed, 0 failed (supplied by the team). Update the Result column on the 'Automated Tests' sheet after each run.
A23: - 20 tests carry no test case ID in their docstring; they are mapped to the nearest plan test case and marked 'Mapped to the nearest plan test case' on that sheet.
A24: - TC-UX-01 is a manual check not yet performed; CR-01 is a structure review. Both are inputs in blue on the 'Test Cases' sheet.

Sheet Test Cases
A1: Team 10 - Vehicle Parking System: Test Cases
A2: Counts and statuses of automated cases are formulas over the 'Automated Tests' sheet. Manual cases (blue) are inputs.
A4: Test Case ID | B4: Requirement ID | C4: Title | D4: Type | E4: Steps | F4: Expected Result | G4: Automated test cases | H4: Test functions | I4: Actual Result | J4: Status
A5: TC-Reg-01 | B5: VPS-F-001 | C5: User registration | D5: Automated (integration) | E5: Open /register; enter valid name, email, password; submit (also try invalid input) | F5: Account saved with hashed password, redirect to login; invalid input rejected | G5: =SUMPRODUCT(ISNUMBER(SEARCH($A5,'Automated Tests'!$F$5:$F$78))*'Automated Tests'!$E$5:$E$78) -> 2 | H5: test_register_success, test_register_invalid_inputs | I5: =G5&" automated test case(s) "&IF(J5="Pass","passed","- see Automated Tests sheet") -> 2 automated test case(s) passed | J5: =IF(SUMPRODUCT(ISNUMBER(SEARCH($A5,'Automated Tests'!$F$5:$F$78))*('Automated Tests'!$G$5:$G$78="Fail"))>0,"Fail","Pass") -> Pass
A6: TC-Reg-02 | B6: VPS-F-002 | C6: Duplicate email validation | D6: Automated (integration + unit) | E6: Register twice with the same email (also different case/spaces) | F6: Second registration rejected with 'Email already registered'; one record only | G6: =SUMPRODUCT(ISNUMBER(SEARCH($A6,'Automated Tests'!$F$5:$F$78))*'Automated Tests'!$E$5:$E$78) -> 4 | H6: test_register_duplicate_email, test_register_duplicate_email_case_insensitive, test_register_rolls_back_duplicate_at_commit, test_duplicate_email_rejected_by_db | I6: =G6&" automated test case(s) "&IF(J6="Pass","passed","- see Automated Tests sheet") -> 4 automated test case(s) passed | J6: =IF(SUMPRODUCT(ISNUMBER(SEARCH($A6,'Automated Tests'!$F$5:$F$78))*('Automated Tests'!$G$5:$G$78="Fail"))>0,"Fail","Pass") -> Pass
A7: TC-Auth-01 | B7: VPS-F-003 | C7: Password hashing | D7: Automated (unit) | E7: Register a user; inspect the stored password | F7: Stored value is a salted hash, not plain text | G7: =SUMPRODUCT(ISNUMBER(SEARCH($A7,'Automated Tests'!$F$5:$F$78))*'Automated Tests'!$E$5:$E$78) -> 1 | H7: test_password_is_hashed_not_plain | I7: =G7&" automated test case(s) "&IF(J7="Pass","passed","- see Automated Tests sheet") -> 1 automated test case(s) passed | J7: =IF(SUMPRODUCT(ISNUMBER(SEARCH($A7,'Automated Tests'!$F$5:$F$78))*('Automated Tests'!$G$5:$G$78="Fail"))>0,"Fail","Pass") -> Pass
A8: TC-Auth-02 | B8: VPS-F-004 | C8: User authentication | D8: Automated (integration + unit) | E8: Log in with correct, wrong and unknown credentials; check login/logout log lines | F8: Correct -> dashboard; wrong/unknown -> 'Invalid email or password'; events logged without passwords | G8: =SUMPRODUCT(ISNUMBER(SEARCH($A8,'Automated Tests'!$F$5:$F$78))*'Automated Tests'!$E$5:$E$78) -> 6 | H8: test_login_success_reaches_dashboard, test_login_wrong_password, test_login_unknown_user, test_failed_login_is_logged, test_successful_login_is_logged, test_check_password_correct_and_wrong | I8: =G8&" automated test case(s) "&IF(J8="Pass","passed","- see Automated Tests sheet") -> 6 automated test case(s) passed | J8: =IF(SUMPRODUCT(ISNUMBER(SEARCH($A8,'Automated Tests'!$F$5:$F$78))*('Automated Tests'!$G$5:$G$78="Fail"))>0,"Fail","Pass") -> Pass
A9: TC-Slot-01 | B9: VPS-F-005 | C9: Display parking slots | D9: Automated (integration + unit) | E9: Log in and open the dashboard (/ and /dashboard) | F9: All slots displayed with status; message if none exist | G9: =SUMPRODUCT(ISNUMBER(SEARCH($A9,'Automated Tests'!$F$5:$F$78))*'Automated Tests'!$E$5:$E$78) -> 4 | H9: test_slot_defaults_to_available, test_dashboard_lists_slots, test_dashboard_route, test_dashboard_empty | I9: =G9&" automated test case(s) "&IF(J9="Pass","passed","- see Automated Tests sheet") -> 4 automated test case(s) passed | J9: =IF(SUMPRODUCT(ISNUMBER(SEARCH($A9,'Automated Tests'!$F$5:$F$78))*('Automated Tests'!$G$5:$G$78="Fail"))>0,"Fail","Pass") -> Pass
A10: TC-Slot-02 | B10: VPS-F-006 | C10: Floor-wise slot display | D10: Automated (integration) | E10: Create slots on floors 1 and 2; open the dashboard | F10: Slots grouped under floor headings, ordered by floor then slot number | G10: =SUMPRODUCT(ISNUMBER(SEARCH($A10,'Automated Tests'!$F$5:$F$78))*'Automated Tests'!$E$5:$E$78) -> 2 | H10: test_dashboard_groups_by_floor, test_dashboard_orders_slots_by_floor_and_number | I10: =G10&" automated test case(s) "&IF(J10="Pass","passed","- see Automated Tests sheet") -> 2 automated test case(s) passed | J10: =IF(SUMPRODUCT(ISNUMBER(SEARCH($A10,'Automated Tests'!$F$5:$F$78))*('Automated Tests'!$G$5:$G$78="Fail"))>0,"Fail","Pass") -> Pass
A11: TC-Slot-03 | B11: VPS-F-007 | C11: Prevent booking occupied slot | D11: Automated (integration) | E11: POST a booking for an occupied slot; two customers book the same slot | F11: Booking rejected with 409; only one active booking per slot | G11: =SUMPRODUCT(ISNUMBER(SEARCH($A11,'Automated Tests'!$F$5:$F$78))*'Automated Tests'!$E$5:$E$78) -> 3 | H11: test_only_customers_can_select_or_book_slots, test_two_customers_cannot_book_same_slot, test_cannot_book_occupied_slot | I11: =G11&" automated test case(s) "&IF(J11="Pass","passed","- see Automated Tests sheet") -> 3 automated test case(s) passed | J11: =IF(SUMPRODUCT(ISNUMBER(SEARCH($A11,'Automated Tests'!$F$5:$F$78))*('Automated Tests'!$G$5:$G$78="Fail"))>0,"Fail","Pass") -> Pass
A12: TC-Book-01 | B12: VPS-F-008 | C12: Book available slot | D12: Automated (integration) | E12: Click an available slot; enter vehicle; submit | F12: Booking created, slot becomes occupied; invalid slot or no login handled | G12: =SUMPRODUCT(ISNUMBER(SEARCH($A12,'Automated Tests'!$F$5:$F$78))*'Automated Tests'!$E$5:$E$78) -> 5 | H12: test_booking_form_posts_required_fields, test_book_available_slot, test_two_customers_cannot_book_same_slot, test_book_nonexistent_slot, test_booking_requires_login | I12: =G12&" automated test case(s) "&IF(J12="Pass","passed","- see Automated Tests sheet") -> 5 automated test case(s) passed | J12: =IF(SUMPRODUCT(ISNUMBER(SEARCH($A12,'Automated Tests'!$F$5:$F$78))*('Automated Tests'!$G$5:$G$78="Fail"))>0,"Fail","Pass") -> Pass
A13: TC-Book-02 | B13: VPS-F-009 | C13: Register new vehicle | D13: Automated (integration + unit) | E13: Book or register with a new vehicle number (valid and invalid) | F13: Valid: vehicle saved; invalid: rejected with nothing saved; plate unique across customers | G13: =SUMPRODUCT(ISNUMBER(SEARCH($A13,'Automated Tests'!$F$5:$F$78))*'Automated Tests'!$E$5:$E$78) -> 18 | H13: test_valid_plate, test_book_available_slot, test_booking_invalid_plate_rejected, test_booking_rejects_invalid_input, test_register_vehicle_and_book_with_it, test_vehicle_number_is_unique_across_customers, test_vehicle_registration_requires_login | I13: =G13&" automated test case(s) "&IF(J13="Pass","passed","- see Automated Tests sheet") -> 18 automated test case(s) passed | J13: =IF(SUMPRODUCT(ISNUMBER(SEARCH($A13,'Automated Tests'!$F$5:$F$78))*('Automated Tests'!$G$5:$G$78="Fail"))>0,"Fail","Pass") -> Pass
A14: TC-Book-03 | B14: VPS-F-010 | C14: Use existing vehicle record | D14: Automated (integration) | E14: Book twice with the same vehicle number or a registered vehicle | F14: One vehicle record, bookings linked to it; another customer's vehicle refused | G14: =SUMPRODUCT(ISNUMBER(SEARCH($A14,'Automated Tests'!$F$5:$F$78))*'Automated Tests'!$E$5:$E$78) -> 3 | H14: test_booking_reuses_existing_vehicle, test_register_vehicle_and_book_with_it, test_cannot_book_another_customers_vehicle | I14: =G14&" automated test case(s) "&IF(J14="Pass","passed","- see Automated Tests sheet") -> 3 automated test case(s) passed | J14: =IF(SUMPRODUCT(ISNUMBER(SEARCH($A14,'Automated Tests'!$F$5:$F$78))*('Automated Tests'!$G$5:$G$78="Fail"))>0,"Fail","Pass") -> Pass
A15: TC-Book-04 | B15: VPS-F-011 | C15: Record check-in time | D15: Automated (integration) | E15: Book a slot; inspect the booking; force a database failure | F15: check_in set, check_out empty, status active; failure rolls back | G15: =SUMPRODUCT(ISNUMBER(SEARCH($A15,'Automated Tests'!$F$5:$F$78))*'Automated Tests'!$E$5:$E$78) -> 16 | H15: test_book_available_slot, test_booking_rejects_invalid_input, test_booking_rolls_back_database_failure, test_vehicle_registration_rejects_invalid_details, test_cannot_book_another_customers_vehicle, test_booking_rejects_invalid_vehicle_id, test_selected_vehicle_booking_rolls_back_on_failure | I15: =G15&" automated test case(s) "&IF(J15="Pass","passed","- see Automated Tests sheet") -> 16 automated test case(s) passed | J15: =IF(SUMPRODUCT(ISNUMBER(SEARCH($A15,'Automated Tests'!$F$5:$F$78))*('Automated Tests'!$G$5:$G$78="Fail"))>0,"Fail","Pass") -> Pass
A16: TC-Checkout-01 | B16: VPS-F-012 | C16: Customer check-out | D16: Automated (integration) | E16: Check out an active booking (and try twice; force a commit failure) | F16: Booking completed, check-out time set, slot available; second attempt 409; failure rolls back | G16: =SUMPRODUCT(ISNUMBER(SEARCH($A16,'Automated Tests'!$F$5:$F$78))*'Automated Tests'!$E$5:$E$78) -> 4 | H16: test_customer_checkout, test_double_checkout_returns_409, test_history_checkout_has_confirmation_prompt, test_checkout_commit_failure_rolls_back | I16: =G16&" automated test case(s) "&IF(J16="Pass","passed","- see Automated Tests sheet") -> 4 automated test case(s) passed | J16: =IF(SUMPRODUCT(ISNUMBER(SEARCH($A16,'Automated Tests'!$F$5:$F$78))*('Automated Tests'!$G$5:$G$78="Fail"))>0,"Fail","Pass") -> Pass
... A22: TC-Perf-01 | B22: VPS-NF-001 | C22: Dashboard response time | D22: Automated (integration) | E22: Load the dashboard with 200 slots | F22: Responds in <= 2 seconds (server-side, Flask test client) | G22: =SUMPRODUCT(ISNUMBER(SEARCH($A22,'Automated Tests'!$F$5:$F$78))*'Automated Tests'!$E$5:$E$78) -> 1 | H22: test_dashboard_performance_200_slots | I22: =G22&" automated test case(s) "&IF(J22="Pass","passed","- see Automated Tests sheet") -> 1 automated test case(s) passed | J22: =IF(SUMPRODUCT(ISNUMBER(SEARCH($A22,'Automated Tests'!$F$5:$F$78))*('Automated Tests'!$G$5:$G$78="Fail"))>0,"Fail","Pass") -> Pass
A23: TC-UX-01 | B23: VPS-NF-002 | C23: Core actions within 3 clicks | D23: Manual | E23: Count clicks from the dashboard: book a slot, check out, view history, admin add slot | F23: Each reachable in <= 3 clicks (manual check) | G23: =SUMPRODUCT(ISNUMBER(SEARCH($A23,'Automated Tests'!$F$5:$F$78))*'Automated Tests'!$E$5:$E$78) -> 0 | I23: Not yet recorded - count clicks by hand and update this cell | J23: Not Run
A24: TC-Rel-01 | B24: VPS-NF-003 | C24: Slot status consistent with bookings | D24: Automated (integration) | E24: Book 3 slots, check out 1; try stale status and concurrent bookings | F24: Occupied slots == active bookings; only one concurrent booking wins | G24: =SUMPRODUCT(ISNUMBER(SEARCH($A24,'Automated Tests'!$F$5:$F$78))*'Automated Tests'!$E$5:$E$78) -> 6 | H24: test_slot_status_consistent_with_bookings, test_checkout_commit_failure_rolls_back, test_book_available_slot, test_two_customers_cannot_book_same_slot, test_available_status_cannot_override_active_booking, test_simultaneous_requests_create_at_most_one_booking | I24: =G24&" automated test case(s) "&IF(J24="Pass","passed","- see Automated Tests sheet") -> 6 automated test case(s) passed | J24: =IF(SUMPRODUCT(ISNUMBER(SEARCH($A24,'Automated Tests'!$F$5:$F$78))*('Automated Tests'!$G$5:$G$78="Fail"))>0,"Fail","Pass") -> Pass
A25: TC-Sec-01 | B25: VPS-NF-004 / VPS-SR-003 | C25: Session invalidated after logout | D25: Automated (integration) | E25: Log out, then open protected pages; check cookie and secret key settings | F25: Redirected to login; cookies HttpOnly and SameSite=Lax; app refuses to start without SECRET_KEY | G25: =SUMPRODUCT(ISNUMBER(SEARCH($A25,'Automated Tests'!$F$5:$F$78))*'Automated Tests'!$E$5:$E$78) -> 5 | H25: test_dashboard_requires_login, test_logout_invalidates_session, test_app_requires_secret_key, test_session_cookie_security_settings, test_logout_is_logged | I25: =G25&" automated test case(s) "&IF(J25="Pass","passed","- see Automated Tests sheet") -> 5 automated test case(s) passed | J25: =IF(SUMPRODUCT(ISNUMBER(SEARCH($A25,'Automated Tests'!$F$5:$F$78))*('Automated Tests'!$G$5:$G$78="Fail"))>0,"Fail","Pass") -> Pass
A26: TC-Sec-02 | B26: VPS-SR-001 | C26: Secure password hashing | D26: Automated (unit) | E26: Compare hashes of the same password for two users | F26: Hashes differ (salted) and are not plain text | G26: =SUMPRODUCT(ISNUMBER(SEARCH($A26,'Automated Tests'!$F$5:$F$78))*'Automated Tests'!$E$5:$E$78) -> 2 | H26: test_password_is_hashed_not_plain, test_same_password_gives_different_hashes | I26: =G26&" automated test case(s) "&IF(J26="Pass","passed","- see Automated Tests sheet") -> 2 automated test case(s) passed | J26: =IF(SUMPRODUCT(ISNUMBER(SEARCH($A26,'Automated Tests'!$F$5:$F$78))*('Automated Tests'!$G$5:$G$78="Fail"))>0,"Fail","Pass") -> Pass
A27: TC-Sec-03 | B27: VPS-SR-002 | C27: Admin route authorization | D27: Automated (integration + unit) | E27: Customer and anonymous users access admin URLs | F27: Customer 403, anonymous redirected to login | G27: =SUMPRODUCT(ISNUMBER(SEARCH($A27,'Automated Tests'!$F$5:$F$78))*'Automated Tests'!$E$5:$E$78) -> 3 | H27: test_non_admin_blocked_from_admin_routes, test_anonymous_blocked_from_admin_routes, test_default_role_is_customer | I27: =G27&" automated test case(s) "&IF(J27="Pass","passed","- see Automated Tests sheet") -> 3 automated test case(s) passed | J27: =IF(SUMPRODUCT(ISNUMBER(SEARCH($A27,'Automated Tests'!$F$5:$F$78))*('Automated Tests'!$G$5:$G$78="Fail"))>0,"Fail","Pass") -> Pass
A28: TC-Sec-04 | B28: VPS-SR-004 | C28: Input validation and sanitisation | D28: Automated (integration + unit) | E28: Submit malformed email/plate and <script> in a name | F28: Rejected or escaped safely | G28: =SUMPRODUCT(ISNUMBER(SEARCH($A28,'Automated Tests'!$F$5:$F$78))*'Automated Tests'!$E$5:$E$78) -> 16 | H28: test_register_invalid_inputs, test_register_script_input_is_escaped, test_valid_email, test_valid_plate, test_booking_invalid_plate_rejected | I28: =G28&" automated test case(s) "&IF(J28="Pass","passed","- see Automated Tests sheet") -> 16 automated test case(s) passed | J28: =IF(SUMPRODUCT(ISNUMBER(SEARCH($A28,'Automated Tests'!$F$5:$F$78))*('Automated Tests'!$G$5:$G$78="Fail"))>0,"Fail","Pass") -> Pass
A29: CR-01 | B29: VPS-NF-005 | C29: Models, routes, templates separated | D29: Code review | E29: Code review of the project structure | F29: app/models.py, app/routes/ and app/templates/ are separate (review) | G29: =SUMPRODUCT(ISNUMBER(SEARCH($A29,'Automated Tests'!$F$5:$F$78))*'Automated Tests'!$E$5:$E$78) -> 0 | I29: Structure reviewed: app/models.py, app/routes/, app/templates/ are separate | J29: Pass

Sheet Automated Tests
A1: Automated tests (pytest) - one row per test function
A2: Result column (blue) is an input: update it after each pytest run. 'Cases run' counts parametrized cases, so the column totals the pytest item count.
A4: # | B4: File | C4: Test function | D4: Level | E4: Cases run | F4: Test case ID(s) | G4: Result | H4: Description / mapping note
A5: 1 | B5: test_auth_integration.py | C5: test_register_success | D5: Integration | E5: 1 | F5: TC-Reg-01 | G5: Pass | H5: TC-Reg-01
A6: 2 | B6: test_auth_integration.py | C6: test_register_duplicate_email | D6: Integration | E6: 1 | F6: TC-Reg-02 | G6: Pass | H6: TC-Reg-02
A7: 3 | B7: test_auth_integration.py | C7: test_register_duplicate_email_case_insensitive | D7: Integration | E7: 1 | F7: TC-Reg-02 | G7: Pass | H7: TC-Reg-02 (boundary)
A8: 4 | B8: test_auth_integration.py | C8: test_register_invalid_inputs | D8: Integration | E8: 1 | F8: TC-Reg-01, TC-Sec-04 | G8: Pass | H8: TC-Reg-01 error cases / TC-Sec-04
A9: 5 | B9: test_auth_integration.py | C9: test_register_rolls_back_duplicate_at_commit | D9: Integration | E9: 1 | F9: TC-Reg-02 | G9: Pass | H9: TC-Reg-02: a database uniqueness race returns feedback, not a server error.
A10: 6 | B10: test_auth_integration.py | C10: test_register_script_input_is_escaped | D10: Integration | E10: 1 | F10: TC-Sec-04 | G10: Pass | H10: TC-Sec-04: XSS attempt is escaped on display.
A11: 7 | B11: test_auth_integration.py | C11: test_login_success_reaches_dashboard | D11: Integration | E11: 1 | F11: TC-Auth-02 | G11: Pass | H11: TC-Auth-02
A12: 8 | B12: test_auth_integration.py | C12: test_login_wrong_password | D12: Integration | E12: 1 | F12: TC-Auth-02 | G12: Pass | H12: TC-Auth-02 error case
A13: 9 | B13: test_auth_integration.py | C13: test_login_unknown_user | D13: Integration | E13: 1 | F13: TC-Auth-02 | G13: Pass | H13: Mapped to the nearest plan test case (no ID in the test docstring)
A14: 10 | B14: test_auth_integration.py | C14: test_dashboard_requires_login | D14: Integration | E14: 1 | F14: TC-Sec-01 | G14: Pass | H14: TC-Sec-01
A15: 11 | B15: test_auth_integration.py | C15: test_logout_invalidates_session | D15: Integration | E15: 1 | F15: TC-Sec-01 | G15: Pass | H15: TC-Sec-01 / VPS-SR-003
A16: 12 | B16: test_auth_integration.py | C16: test_app_requires_secret_key | D16: Integration | E16: 1 | F16: TC-Sec-01 | G16: Pass | H16: Mapped to the nearest plan test case (no ID in the test docstring)
... A78: 74 | B78: test_vehicle_registration.py | C78: test_vehicle_registration_requires_login | D78: Integration | E78: 1 | F78: TC-Book-02 | G78: Pass | H78: Mapped to the nearest plan test case (no ID in the test docstring)

Sheet RTM
A1: Requirements Traceability Matrix
A2: Status and automated-case counts are looked up from the 'Test Cases' sheet. Module names follow SAD section 3.8.
A4: Requirement ID | B4: Requirement | C4: SRS section | D4: Module (SAD 3.8) | E4: Test case | F4: Status | G4: Automated test cases | H4: Notes
A5: VPS-F-001 | B5: User registration | C5: 4.1 | D5: AuthModule | E5: TC-Reg-01 | F5: =INDEX('Test Cases'!$J$5:$J$29,MATCH(E5,'Test Cases'!$A$5:$A$29,0)) -> Pass | G5: =INDEX('Test Cases'!$G$5:$G$29,MATCH(E5,'Test Cases'!$A$5:$A$29,0)) -> 2
A6: VPS-F-002 | B6: Duplicate email validation | C6: 4.1 | D6: AuthModule | E6: TC-Reg-02 | F6: =INDEX('Test Cases'!$J$5:$J$29,MATCH(E6,'Test Cases'!$A$5:$A$29,0)) -> Pass | G6: =INDEX('Test Cases'!$G$5:$G$29,MATCH(E6,'Test Cases'!$A$5:$A$29,0)) -> 4
A7: VPS-F-003 | B7: Password hashing | C7: 4.1 | D7: AuthModule | E7: TC-Auth-01 | F7: =INDEX('Test Cases'!$J$5:$J$29,MATCH(E7,'Test Cases'!$A$5:$A$29,0)) -> Pass | G7: =INDEX('Test Cases'!$G$5:$G$29,MATCH(E7,'Test Cases'!$A$5:$A$29,0)) -> 1
A8: VPS-F-004 | B8: User authentication | C8: 4.1 | D8: AuthModule | E8: TC-Auth-02 | F8: =INDEX('Test Cases'!$J$5:$J$29,MATCH(E8,'Test Cases'!$A$5:$A$29,0)) -> Pass | G8: =INDEX('Test Cases'!$G$5:$G$29,MATCH(E8,'Test Cases'!$A$5:$A$29,0)) -> 6
A9: VPS-F-005 | B9: Display parking slots | C9: 4.2 | D9: SlotModule | E9: TC-Slot-01 | F9: =INDEX('Test Cases'!$J$5:$J$29,MATCH(E9,'Test Cases'!$A$5:$A$29,0)) -> Pass | G9: =INDEX('Test Cases'!$G$5:$G$29,MATCH(E9,'Test Cases'!$A$5:$A$29,0)) -> 4 | H9: Slot type not shown on the dashboard yet (issue #21); status shown by colour only
A10: VPS-F-006 | B10: Floor-wise slot display | C10: 4.2 | D10: SlotModule | E10: TC-Slot-02 | F10: =INDEX('Test Cases'!$J$5:$J$29,MATCH(E10,'Test Cases'!$A$5:$A$29,0)) -> Pass | G10: =INDEX('Test Cases'!$G$5:$G$29,MATCH(E10,'Test Cases'!$A$5:$A$29,0)) -> 2
A11: VPS-F-007 | B11: Prevent booking occupied slot | C11: 4.2 | D11: SlotModule, BookingModule | E11: TC-Slot-03 | F11: =INDEX('Test Cases'!$J$5:$J$29,MATCH(E11,'Test Cases'!$A$5:$A$29,0)) -> Pass | G11: =INDEX('Test Cases'!$G$5:$G$29,MATCH(E11,'Test Cases'!$A$5:$A$29,0)) -> 3
A12: VPS-F-008 | B12: Book available slot | C12: 4.3 | D12: BookingModule | E12: TC-Book-01 | F12: =INDEX('Test Cases'!$J$5:$J$29,MATCH(E12,'Test Cases'!$A$5:$A$29,0)) -> Pass | G12: =INDEX('Test Cases'!$G$5:$G$29,MATCH(E12,'Test Cases'!$A$5:$A$29,0)) -> 5
A13: VPS-F-009 | B13: Register new vehicle | C13: 4.3 | D13: BookingModule | E13: TC-Book-02 | F13: =INDEX('Test Cases'!$J$5:$J$29,MATCH(E13,'Test Cases'!$A$5:$A$29,0)) -> Pass | G13: =INDEX('Test Cases'!$G$5:$G$29,MATCH(E13,'Test Cases'!$A$5:$A$29,0)) -> 18
A14: VPS-F-010 | B14: Use existing vehicle record | C14: 4.3 | D14: BookingModule | E14: TC-Book-03 | F14: =INDEX('Test Cases'!$J$5:$J$29,MATCH(E14,'Test Cases'!$A$5:$A$29,0)) -> Pass | G14: =INDEX('Test Cases'!$G$5:$G$29,MATCH(E14,'Test Cases'!$A$5:$A$29,0)) -> 3
A15: VPS-F-011 | B15: Record check-in time | C15: 4.3 | D15: BookingModule | E15: TC-Book-04 | F15: =INDEX('Test Cases'!$J$5:$J$29,MATCH(E15,'Test Cases'!$A$5:$A$29,0)) -> Pass | G15: =INDEX('Test Cases'!$G$5:$G$29,MATCH(E15,'Test Cases'!$A$5:$A$29,0)) -> 16
A16: VPS-F-012 | B16: Customer check-out | C16: 4.4 | D16: BookingModule | E16: TC-Checkout-01 | F16: =INDEX('Test Cases'!$J$5:$J$29,MATCH(E16,'Test Cases'!$A$5:$A$29,0)) -> Pass | G16: =INDEX('Test Cases'!$G$5:$G$29,MATCH(E16,'Test Cases'!$A$5:$A$29,0)) -> 4
A17: VPS-F-013 | B17: Check-out authorization | C17: 4.4 | D17: BookingModule, Guard | E17: TC-Checkout-02 | F17: =INDEX('Test Cases'!$J$5:$J$29,MATCH(E17,'Test Cases'!$A$5:$A$29,0)) -> Pass | G17: =INDEX('Test Cases'!$G$5:$G$29,MATCH(E17,'Test Cases'!$A$5:$A$29,0)) -> 2
A18: VPS-F-014 | B18: View booking history | C18: 4.5 | D18: BookingModule | E18: TC-Hist-01 | F18: =INDEX('Test Cases'!$J$5:$J$29,MATCH(E18,'Test Cases'!$A$5:$A$29,0)) -> Pass | G18: =INDEX('Test Cases'!$G$5:$G$29,MATCH(E18,'Test Cases'!$A$5:$A$29,0)) -> 4
A19: VPS-F-015 | B19: Admin add parking slot | C19: 4.6 | D19: AdminModule | E19: TC-Admin-01 | F19: =INDEX('Test Cases'!$J$5:$J$29,MATCH(E19,'Test Cases'!$A$5:$A$29,0)) -> Pass | G19: =INDEX('Test Cases'!$G$5:$G$29,MATCH(E19,'Test Cases'!$A$5:$A$29,0)) -> 4 | H19: Vehicle type not captured on the add-slot form yet (issue #21)
A20: VPS-F-016 | B20: Admin remove available slot | C20: 4.6 | D20: AdminModule | E20: TC-Admin-02 | F20: =INDEX('Test Cases'!$J$5:$J$29,MATCH(E20,'Test Cases'!$A$5:$A$29,0)) -> Pass | G20: =INDEX('Test Cases'!$G$5:$G$29,MATCH(E20,'Test Cases'!$A$5:$A$29,0)) -> 2 | H20: Confirmation prompt before removal still to do (#21)
A21: VPS-F-017 | B21: Admin view / force checkout | C21: 4.6 | D21: AdminModule | E21: TC-Admin-03 | F21: =INDEX('Test Cases'!$J$5:$J$29,MATCH(E21,'Test Cases'!$A$5:$A$29,0)) -> Pass | G21: =INDEX('Test Cases'!$G$5:$G$29,MATCH(E21,'Test Cases'!$A$5:$A$29,0)) -> 5
A22: VPS-NF-001 | B22: Dashboard under 2 s for 200 slots | C22: 5 | D22: SlotModule, Web UI | E22: TC-Perf-01 | F22: =INDEX('Test Cases'!$J$5:$J$29,MATCH(E22,'Test Cases'!$A$5:$A$29,0)) -> Pass | G22: =INDEX('Test Cases'!$G$5:$G$29,MATCH(E22,'Test Cases'!$A$5:$A$29,0)) -> 1 | H22: Measured server-side with the Flask test client
A23: VPS-NF-002 | B23: Core actions within 3 clicks | C23: 5 | D23: Web UI | E23: TC-UX-01 | F23: =INDEX('Test Cases'!$J$5:$J$29,MATCH(E23,'Test Cases'!$A$5:$A$29,0)) -> Not Run | G23: =INDEX('Test Cases'!$G$5:$G$29,MATCH(E23,'Test Cases'!$A$5:$A$29,0)) -> 0 | H23: Manual check not yet recorded
A24: VPS-NF-003 | B24: Slot / booking consistency | C24: 5 | D24: BookingModule, Models | E24: TC-Rel-01 | F24: =INDEX('Test Cases'!$J$5:$J$29,MATCH(E24,'Test Cases'!$A$5:$A$29,0)) -> Pass | G24: =INDEX('Test Cases'!$G$5:$G$29,MATCH(E24,'Test Cases'!$A$5:$A$29,0)) -> 6 | H24: No periodic consistency job; covered by tests
A25: VPS-NF-004 | B25: Session expires on logout | C25: 5 | D25: AuthModule | E25: TC-Sec-01 | F25: =INDEX('Test Cases'!$J$5:$J$29,MATCH(E25,'Test Cases'!$A$5:$A$29,0)) -> Pass | G25: =INDEX('Test Cases'!$G$5:$G$29,MATCH(E25,'Test Cases'!$A$5:$A$29,0)) -> 5
A26: VPS-NF-005 | B26: Models, routes, templates separated | C26: 5 | D26: Whole codebase | E26: CR-01 | F26: =INDEX('Test Cases'!$J$5:$J$29,MATCH(E26,'Test Cases'!$A$5:$A$29,0)) -> Pass | G26: =INDEX('Test Cases'!$G$5:$G$29,MATCH(E26,'Test Cases'!$A$5:$A$29,0)) -> 0 | H26: Code review
A27: VPS-SR-001 | B27: Secure password hashing | C27: 5.1.2 | D27: AuthModule | E27: TC-Sec-02 | F27: =INDEX('Test Cases'!$J$5:$J$29,MATCH(E27,'Test Cases'!$A$5:$A$29,0)) -> Pass | G27: =INDEX('Test Cases'!$G$5:$G$29,MATCH(E27,'Test Cases'!$A$5:$A$29,0)) -> 2
A28: VPS-SR-002 | B28: Admin route authorization | C28: 5.1.2 | D28: Guard, AdminModule | E28: TC-Sec-03 | F28: =INDEX('Test Cases'!$J$5:$J$29,MATCH(E28,'Test Cases'!$A$5:$A$29,0)) -> Pass | G28: =INDEX('Test Cases'!$G$5:$G$29,MATCH(E28,'Test Cases'!$A$5:$A$29,0)) -> 3 | H28: Logged-in non-admins get 403, anonymous users are redirected (SRS says redirected, SAD says 403)
A29: VPS-SR-003 | B29: Session invalidation | C29: 5.1.2 | D29: AuthModule | E29: TC-Sec-01 | F29: =INDEX('Test Cases'!$J$5:$J$29,MATCH(E29,'Test Cases'!$A$5:$A$29,0)) -> Pass | G29: =INDEX('Test Cases'!$G$5:$G$29,MATCH(E29,'Test Cases'!$A$5:$A$29,0)) -> 5
A30: VPS-SR-004 | B30: Input validation and sanitisation | C30: 5.1.2 | D30: All routes | E30: TC-Sec-04 | F30: =INDEX('Test Cases'!$J$5:$J$29,MATCH(E30,'Test Cases'!$A$5:$A$29,0)) -> Pass | G30: =INDEX('Test Cases'!$G$5:$G$29,MATCH(E30,'Test Cases'!$A$5:$A$29,0)) -> 16 | H30: CSRF tokens not implemented
A31: VPS-SR-005 | B31: Checkout only for owner/admin | C31: 5.1.2 | D31: BookingModule, Guard | E31: TC-Checkout-02 | F31: =INDEX('Test Cases'!$J$5:$J$29,MATCH(E31,'Test Cases'!$A$5:$A$29,0)) -> Pass | G31: =INDEX('Test Cases'!$G$5:$G$29,MATCH(E31,'Test Cases'!$A$5:$A$29,0)) -> 2
